sample_idx/template_idx,template_0,template_1,template_2,template_3,template_4,template_5,template_6,template_7,template_8,template_9,template_10,template_11,template_12,template_13,template_14,template_15,template_16,template_17,template_18,template_19
sample_0,0.571731,0.086851,0.009709,0.062766,0.197919,0.094685,0.023909,0.218018,0.058434,0.059070,0.112390,0.005094,0.133688,0.026855,0.219195,0.126188,0.064811,0.107817,0.117313,0.202938
sample_1,0.076541,0.229158,0.093062,0.110217,0.073334,0.189769,0.152413,0.052659,0.076181,-0.006929,0.118410,-0.037841,0.004054,0.197242,0.101420,0.159430,0.054139,0.149691,0.122403,0.046493
sample_2,0.182687,0.405075,0.143831,0.224054,0.232212,0.233892,0.086569,0.179215,0.079289,0.031951,0.117479,0.079944,0.116947,0.089977,0.106812,0.211289,0.137583,0.155532,0.096840,0.161569
sample_3,0.085701,0.307435,0.068674,0.053807,0.113242,0.154852,0.103034,0.110700,0.137783,0.055451,0.134611,0.108028,0.153910,0.110291,0.050811,0.278756,-0.002957,0.046324,0.233789,0.067731
sample_4,0.130759,0.173082,0.033069,0.052498,0.109060,0.137316,0.091546,0.024576,0.054796,0.164840,0.231900,0.012523,0.031262,0.207145,-0.054097,-0.032290,-0.028199,-0.048828,0.034896,0.083359
sample_5,0.110831,0.092227,0.152915,0.034250,0.201060,0.189819,0.110140,0.115832,0.098650,0.147802,0.021028,0.115073,0.100833,0.102157,0.033581,-0.001212,0.072630,0.151838,0.082665,0.041983
sample_6,0.153925,0.202642,0.232848,0.100417,0.198423,0.316893,0.147889,0.105078,0.158773,0.140484,0.189149,0.042941,0.092610,0.255446,0.054175,0.049241,0.097727,0.170828,0.068526,0.003496
sample_7,0.084343,0.212100,0.076325,0.134756,0.227927,0.259819,0.146665,0.033122,0.086026,0.028011,0.157488,0.041018,0.074362,0.251116,0.058306,-0.031202,0.050510,0.068324,0.034294,0.048776
sample_8,0.080516,0.245215,0.146931,0.053177,0.196105,0.318883,0.176217,0.077670,0.051351,0.018476,0.070059,0.128340,0.108169,0.150943,0.045497,0.085915,0.112241,0.101343,0.047848,0.044232
sample_9,0.049950,0.362379,0.115048,0.130362,0.183418,0.313843,0.153117,0.089718,-0.010072,0.051016,-0.001303,0.127141,0.085225,0.063151,0.017138,0.021921,0.038247,0.108392,0.066461,-0.065913
sample_10,0.091069,0.342762,0.170161,0.099221,0.138529,0.276352,0.236805,0.072393,-0.018452,0.035715,0.037001,0.076961,0.039562,0.121553,0.029884,0.008631,0.109351,0.045120,0.080983,0.062366
sample_11,0.065391,0.269587,0.104315,0.045617,0.080967,0.193172,0.163318,0.059486,-0.057274,0.012143,0.024912,0.046557,0.084406,0.103408,0.022476,0.014505,0.102348,0.060966,-0.010009,0.030538
sample_12,0.104362,0.452431,0.182521,0.304563,0.141157,0.244940,0.102970,-0.010001,0.019800,-0.042225,0.042357,0.120345,0.100932,0.115455,0.023268,0.043295,0.144213,0.132420,0.149747,0.027878
sample_13,0.034189,0.316165,0.118240,0.142454,0.063982,0.127706,0.135207,0.117489,0.025244,0.039894,0.077876,0.070790,0.102373,0.132984,0.028322,-0.046908,0.136613,0.195988,0.146589,0.063651
sample_14,0.080760,0.389324,0.158189,0.260574,0.136418,0.152119,0.107269,0.062536,-0.004760,0.008185,0.043242,0.126723,0.045226,0.014310,0.085377,0.142225,0.062245,0.054312,0.065645,0.118899
sample_15,0.221461,0.333543,0.115444,0.316859,0.289892,0.258259,0.115872,-0.029032,0.046286,0.100049,0.117169,0.129275,0.023811,0.151726,0.121131,0.082131,0.023887,0.064286,0.040783,0.173592
sample_16,0.200797,0.324360,0.026733,0.265939,0.281208,0.345234,0.026981,0.063044,0.115982,0.125291,0.185484,0.054723,0.070655,0.217810,0.055292,0.087471,0.003560,0.055717,0.056096,0.169252
sample_17,0.066964,0.456831,0.164147,0.257029,0.104014,0.126418,0.097942,0.110205,0.118416,-0.027498,0.124881,0.021676,0.044672,0.117504,0.081358,0.269679,0.105430,0.082898,0.151741,0.055080
sample_18,0.033694,0.432371,0.211294,0.166124,0.084194,0.165103,0.074355,0.054972,-0.003382,-0.015162,-0.042594,0.027881,0.070657,-0.051012,0.023361,0.205081,0.045404,0.019357,0.088162,0.030048
sample_19,0.169185,0.244821,0.131613,0.090278,0.274806,0.290239,0.024195,0.129045,0.180312,0.077964,0.138341,0.089670,-0.009384,0.266121,0.049730,0.060022,0.096055,0.130492,0.106515,0.078767
sample_20,0.099712,0.391308,0.216150,0.211263,0.150207,0.234748,0.218219,0.048308,0.040647,0.040411,0.035942,0.053486,0.098245,0.014315,-0.023547,0.260205,0.065580,0.005744,0.029870,0.093662
sample_21,0.049178,0.295319,0.286863,0.039907,0.067045,0.152507,0.176516,0.077360,0.114728,-0.023152,0.038268,0.052036,0.052988,0.158143,-0.005642,0.326992,0.022999,0.105568,0.151475,0.015574
sample_22,0.142671,0.245723,0.189977,0.697586,0.112082,0.069106,0.109184,0.150337,0.149072,0.037459,0.025223,0.113849,0.043753,-0.000789,0.156394,0.057661,0.114210,0.116789,0.123661,0.143839
sample_23,0.211158,0.223488,0.129857,0.460884,0.265943,0.176606,0.068274,0.193555,0.159804,0.138507,0.124918,0.145408,0.019541,0.043647,0.306475,0.141545,0.093277,0.178465,0.122547,0.223934
sample_24,0.158232,0.232440,0.164327,0.532462,0.203853,0.130678,0.103208,0.219915,0.046721,0.026266,0.005019,0.070256,0.117418,-0.007515,0.178717,0.156444,0.077142,0.162359,0.143406,0.166939
sample_25,0.120070,0.211985,0.118650,0.573061,0.197601,0.147995,0.152934,0.083736,0.079066,0.008194,0.028261,0.123689,0.075038,-0.086943,0.155073,0.076495,0.136775,0.102882,0.109649,0.064327
sample_26,0.290445,0.162215,0.131901,0.479259,0.253740,0.102292,0.081461,0.203248,0.141188,0.098361,0.153981,0.091920,0.074260,0.109728,0.149132,0.131995,0.020132,0.067160,0.092536,0.175210
sample_27,0.075152,0.257537,0.206429,0.405225,0.139856,0.031989,0.076903,0.206585,0.080465,0.042377,-0.011705,0.044111,0.070439,-0.081659,0.140880,0.276169,0.083706,0.026324,0.116007,0.118140
sample_28,0.222340,0.157116,0.124538,0.560786,0.285811,0.141701,-0.006432,0.174138,0.235598,0.115651,0.159180,0.051271,0.069146,0.114833,0.077415,0.083783,0.045066,0.049003,0.098218,0.163028
sample_29,0.055237,0.180808,0.095368,0.347051,0.022349,0.045707,0.053263,0.076343,0.025731,0.014520,0.019231,0.008675,0.155665,-0.026987,0.048053,0.093077,0.048016,-0.020951,0.073047,-0.019477
sample_30,0.108001,0.212655,0.135867,0.472827,0.149786,0.124566,0.067486,0.048878,0.049384,0.017798,0.078723,0.079520,0.124336,0.005986,0.067372,0.131499,0.108767,0.018701,0.036499,0.048332
sample_31,0.042537,0.176042,0.050159,0.466878,0.081677,0.096784,0.087802,0.044544,0.055115,0.081188,0.025884,0.043635,0.049420,-0.081868,0.057483,0.063111,0.080218,-0.039116,0.012744,0.019983
sample_32,0.135065,0.255360,0.163125,0.468071,0.182484,0.147822,0.068217,0.022692,0.097676,-0.064728,0.096914,0.156279,0.006723,-0.016129,0.151545,0.131280,0.148549,0.162232,0.087278,0.058221
sample_33,0.107385,0.211672,0.119037,0.477147,0.145511,0.118879,0.058249,0.055883,0.064995,0.039418,0.073168,0.076999,0.120580,0.015204,0.070837,0.125556,0.098700,0.014401,0.066660,0.080971
sample_34,0.205155,0.183809,0.216517,0.552675,0.145409,0.078631,0.133677,0.121033,0.053863,0.108077,0.006582,0.066167,0.112066,-0.076634,0.100018,0.076636,0.031210,0.025900,0.017223,0.127471
sample_35,0.231469,0.313464,0.164520,0.509412,0.204527,0.057505,0.064757,0.231757,0.183589,0.034824,0.148398,0.151177,-0.006097,0.116066,0.101247,0.210499,0.133085,0.023671,0.241283,0.303002
sample_36,0.187935,0.279018,0.258764,0.486630,0.145984,0.114454,0.132007,0.125001,0.049999,0.046360,0.073302,0.155857,0.049535,0.051936,0.217179,0.022721,0.090468,0.212937,0.104282,0.210965
sample_37,0.167671,0.232817,0.179841,0.461235,0.112575,0.060864,0.153382,0.119616,0.056065,0.035074,-0.004750,0.192695,0.107541,0.003565,0.149995,0.044800,0.072257,0.150019,0.195343,0.207637
sample_38,-0.037239,0.216827,0.069820,0.038721,0.005237,0.021097,0.070465,0.141054,0.118071,0.025460,0.096056,0.323776,-0.002981,0.159292,0.186572,0.054234,0.086274,0.175365,0.262976,0.131702
sample_39,0.137877,0.132879,0.146891,0.039071,0.203766,0.130234,0.078103,0.123967,0.314406,0.012887,0.238344,0.154445,0.013558,0.237159,0.107727,0.136639,0.118917,0.191807,0.147962,0.092900
sample_40,0.228342,0.253372,0.038333,0.077919,0.246200,0.117855,0.038648,0.279104,0.254998,0.110495,0.283360,0.297300,0.032169,0.303876,0.262459,0.094939,0.134598,0.153580,0.277351,0.218829
sample_41,0.108144,0.275984,0.109790,0.066492,0.100279,0.372030,0.157427,0.083360,0.097096,0.004159,0.069374,0.075990,0.037449,0.091372,0.069555,0.193545,0.074545,0.019676,0.057146,0.066146
sample_42,0.208429,0.173163,-0.012342,0.066275,0.236538,0.262630,0.061602,0.173199,0.263504,0.018482,0.225676,0.027244,0.030842,0.311424,0.077844,0.084655,0.049012,0.069409,0.197166,0.095846
sample_43,0.069320,0.354550,0.107366,0.093508,0.117809,0.404934,0.061688,0.125225,0.099399,0.055452,0.095487,0.051267,0.072631,0.033458,0.094954,0.409090,0.004375,0.056669,0.076517,0.071703
sample_44,0.047524,0.351501,0.085922,0.110643,0.039790,0.309991,0.128336,0.050266,0.141615,0.021884,0.062177,0.013876,0.039872,0.078247,0.060142,0.319288,0.029791,0.025786,0.125842,0.031756
sample_45,0.014477,0.034378,0.136142,-0.035203,0.015658,-0.024805,0.438606,0.021655,0.060854,0.061462,0.019307,0.017083,0.138378,0.075788,-0.041933,0.057958,0.087739,0.057326,0.025006,0.011677
sample_46,0.335805,0.117946,-0.100992,0.151155,0.174686,0.018813,0.073372,0.511853,0.161378,0.109044,0.167891,0.150551,0.036515,0.028865,0.244387,0.022694,0.078404,0.011361,0.023848,0.178235
sample_47,0.388558,0.111658,-0.012150,0.163005,0.196750,0.095671,0.108562,0.483535,0.158610,0.111919,0.165222,0.119498,0.024958,0.120500,0.209612,0.035657,-0.014247,-0.028268,0.036775,0.122625
sample_48,0.216875,0.090907,-0.011992,0.174071,0.206598,0.051646,0.134252,0.469253,0.223798,0.139154,0.124981,0.134895,0.053195,0.188346,0.345654,0.099519,0.157011,0.275943,0.236839,0.200313
sample_49,0.376922,0.049688,-0.011065,0.113363,0.226816,0.071010,0.031349,0.451349,0.263327,0.087214,0.139836,0.171736,0.045591,0.206580,0.122952,0.019311,0.104192,0.113046,0.238405,0.084709
sample_50,0.292767,0.020700,-0.062368,0.157747,0.178416,-0.015364,-0.001383,0.355294,0.196854,0.212453,0.164803,0.118129,0.032122,0.064533,0.165442,-0.011261,0.089726,0.004703,0.057033,0.125728
sample_51,0.153746,0.173044,-0.056906,0.130988,0.156465,0.029313,0.023896,0.444830,0.114043,0.034463,0.089210,0.218269,0.090226,0.138118,0.306198,0.116663,0.229153,0.176065,0.379844,0.181163
sample_52,0.140589,0.046280,0.030620,0.089145,0.030468,-0.040235,0.099078,0.266916,0.109233,0.092188,-0.043897,0.002838,0.048100,-0.016722,0.053447,0.007834,0.027497,-0.051685,-0.011384,0.032729
sample_53,0.261570,0.107170,-0.043083,0.111047,0.254723,0.015752,0.019224,0.528352,0.213712,0.128716,0.114431,0.100251,0.129823,0.100321,0.139111,0.004707,0.166477,0.077118,0.201912,0.167592
sample_54,0.303088,0.133648,0.001234,0.124400,0.203533,0.042210,0.008247,0.438751,0.125250,0.128890,0.065983,0.204135,0.054222,0.188127,0.273039,0.072434,0.132760,0.205490,0.194017,0.175853
sample_55,0.328782,0.101804,-0.043157,0.149679,0.218896,0.148593,0.104265,0.390471,0.206185,0.162560,0.210118,0.080609,-0.002415,0.243904,0.288415,0.083692,-0.043680,0.034779,0.054454,0.133012
sample_56,0.333926,-0.014630,-0.050448,-0.016219,0.237485,0.011661,0.030508,0.320753,0.187008,0.081124,0.151384,0.018723,0.030256,0.130931,0.246845,0.106543,-0.002580,0.073094,0.017176,0.163863
sample_57,0.174139,0.073328,-0.020199,0.250229,0.037914,0.015461,0.000726,0.285221,0.102257,0.145266,0.009038,0.158540,-0.043523,0.113787,0.300137,0.008278,-0.002169,0.086326,0.060701,0.108500
sample_58,0.121233,0.114774,0.056015,0.183530,0.038587,0.012068,0.028367,0.216254,0.102110,0.080797,0.103245,0.202461,0.058609,0.101294,0.241724,-0.015911,0.047438,0.132018,0.211302,0.057865
sample_59,0.169320,-0.008463,-0.120934,0.068586,0.030335,-0.087771,-0.008199,0.439564,0.046921,0.059205,-0.048922,0.084627,0.025054,-0.029830,0.175434,-0.025979,0.145778,0.028899,0.121114,0.116456
sample_60,0.182477,0.182173,0.030065,0.141885,0.079739,-0.065189,0.076941,0.520834,0.126122,0.087660,0.054662,0.221473,0.086735,0.066883,0.249918,0.078114,0.099967,0.120134,0.298913,0.119059
sample_61,0.317977,0.078036,0.009347,0.088241,0.174842,-0.023256,0.087954,0.561566,0.153020,0.082198,0.051787,0.150080,-0.008556,0.066442,0.353807,0.126391,0.114804,0.093036,0.114071,0.221325
sample_62,0.141880,0.070822,-0.044059,0.211302,0.034288,0.016772,0.090160,0.263651,0.080309,0.165137,-0.028043,0.051873,-0.052275,-0.010108,0.309754,0.086504,0.069338,0.106646,0.066042,0.086132
sample_63,0.104820,-0.013659,-0.174950,0.079150,-0.052819,-0.114340,-0.079314,0.258375,-0.069381,0.039955,-0.028667,0.070574,0.041593,-0.012298,0.040699,-0.055511,0.019755,-0.070034,0.022337,0.066760
sample_64,0.156637,0.093949,0.098832,0.212764,0.110235,0.064343,0.097643,0.339423,0.078909,0.079545,-0.025470,0.102276,0.112937,0.106079,0.321143,0.067053,0.244946,0.197610,0.121302,0.109828
sample_65,0.298842,0.067522,-0.044227,0.146955,0.148925,0.014033,0.002341,0.363695,0.197379,0.140964,0.183586,0.075446,0.095592,0.139931,0.128412,0.067348,0.066066,-0.040540,0.082467,0.161879
sample_66,0.429763,0.124596,-0.092955,0.178605,0.299493,0.093485,0.073028,0.438537,0.149260,0.166200,0.177273,0.135185,0.058299,0.100010,0.200876,-0.025377,0.010383,0.083546,0.111361,0.091561
sample_67,0.293061,0.133259,-0.073649,0.144430,0.245591,0.075193,0.008672,0.519381,0.264734,0.077401,0.115247,0.091084,-0.006889,0.136206,0.244209,0.062388,0.043028,0.099019,0.178132,0.249313
sample_68,0.181428,0.007495,-0.046197,0.075033,0.066342,-0.037293,0.071421,0.339488,0.032344,0.131565,-0.020433,0.108654,0.003649,-0.040711,0.126889,0.014785,0.102819,0.023842,0.005076,0.043546
sample_69,0.238140,0.173847,0.025110,0.242221,0.148001,0.063600,0.037274,0.381593,0.164671,0.126466,0.147975,0.224977,-0.019168,0.179799,0.417804,0.132357,0.073474,0.168774,0.183125,0.146761
sample_70,0.069190,0.101520,0.026033,0.096090,0.025701,0.101949,0.108445,0.313173,0.180583,0.017047,0.028109,0.120176,0.039328,0.119700,0.315011,0.001599,0.082802,0.190947,0.194992,0.076753
sample_71,0.087479,0.210606,0.082223,0.075520,0.001461,0.066129,0.117697,0.159552,0.246732,0.046799,0.211504,0.146333,0.054569,0.227439,0.058161,0.188296,0.051952,0.031912,0.158357,0.198488
sample_72,0.075094,0.110296,0.141061,-0.008365,0.102546,0.132668,0.127345,0.126800,0.180531,0.063280,0.118709,0.173351,0.094054,0.129506,0.110666,0.185567,0.052999,0.161269,0.239227,0.075721
sample_73,0.251490,0.135088,0.117209,0.059951,0.202256,0.202384,0.058559,0.193447,0.339626,0.132156,0.477718,0.186785,0.109606,0.336594,0.127451,0.128503,0.162843,0.185360,0.132991,0.235429
sample_74,0.082803,0.126695,0.047497,0.160025,0.095838,0.069798,0.108778,-0.011472,0.050793,0.045310,0.349810,0.089509,0.152024,0.114555,0.160315,0.187623,0.022211,0.031193,0.009575,0.139065
sample_75,0.148023,0.237166,0.219469,0.117510,0.145222,0.107037,0.131250,0.034768,0.131869,-0.035740,0.198123,0.193636,0.118730,0.131397,0.290787,0.127846,0.182704,0.168309,0.136000,0.173110
sample_76,0.274109,0.100962,0.013218,0.053975,0.290280,0.130228,0.024925,0.064765,0.240000,0.200745,0.542199,0.083955,0.127685,0.195346,0.116508,0.164510,0.117971,-0.016766,-0.065551,0.154931
sample_77,0.108168,0.106514,0.024119,0.025057,0.151192,0.066066,0.152560,0.077823,0.126205,0.121555,0.430022,0.213231,0.141722,0.075802,0.109724,0.227638,0.228076,-0.001201,-0.063262,0.141658
sample_78,0.116335,0.226911,0.073769,0.131962,0.113033,0.007007,0.139178,0.275421,0.120531,-0.000474,0.072744,0.250551,0.023245,0.167668,0.355092,0.113650,0.179373,0.260949,0.262502,0.197245
sample_79,0.219617,0.082357,0.046320,0.061950,0.080062,0.079458,0.173911,0.327950,0.099902,0.034327,0.115607,0.405714,0.043692,0.048246,0.210808,0.075620,0.348638,0.172123,0.158540,0.139582
sample_80,0.202045,0.135961,0.156716,-0.026589,0.132229,0.084633,0.203966,0.125706,0.127377,0.070984,0.305959,0.145345,0.518554,0.167040,0.113365,0.153029,0.095961,0.132172,0.138101,0.184928
sample_81,0.190407,0.099026,0.167580,0.045855,0.173065,0.133726,0.174221,0.081084,0.163000,0.025222,0.186594,-0.006722,0.365399,0.208434,0.068710,0.117528,0.109718,0.139590,0.232179,0.096314
sample_82,0.255175,0.108763,0.104922,-0.017174,0.158447,0.122467,0.183932,0.149946,0.287292,0.086046,0.420522,0.191295,0.318807,0.296953,0.052799,0.120279,0.071477,0.110947,0.193397,0.135862
sample_83,0.206571,0.134728,0.229574,0.141850,0.308083,0.202377,0.106830,0.082943,0.055753,0.021176,0.089204,0.069387,0.353812,0.139530,0.118822,0.080057,0.177522,0.210242,0.176840,0.131031
sample_84,0.107302,0.048940,0.351340,0.066598,0.134602,0.066197,0.105905,-0.002325,0.044910,-0.017475,0.084972,0.095921,0.443770,0.081940,-0.026826,0.086995,0.139306,0.151501,0.171323,0.064483
sample_85,0.097154,0.147877,0.367278,0.079927,0.083093,0.045588,0.129160,0.017791,0.086012,-0.021520,0.102988,0.164457,0.313716,0.012675,0.067492,0.043681,0.140751,0.246261,0.175844,0.152109
sample_86,0.030584,0.131084,0.175950,0.121094,0.017510,0.106041,0.073752,0.011433,0.052744,-0.005370,0.075024,-0.017366,0.282568,0.034895,0.084520,0.148933,-0.035903,0.056901,0.098300,0.056432
sample_87,0.223148,0.130124,0.155082,0.002412,0.287692,0.164525,0.102900,0.131552,0.215601,0.001109,0.213299,0.020919,0.352765,0.175134,0.143590,0.209443,0.029823,0.106392,0.139959,0.148494
sample_88,0.104972,0.029290,0.280380,0.045004,0.157062,0.004734,0.122743,0.029234,0.047761,0.009516,-0.003249,-0.006843,0.361649,0.070949,0.050030,0.017177,0.105960,0.107990,0.048071,0.014554
sample_89,0.142904,0.115474,0.074693,0.035516,-0.070502,0.056036,0.150439,0.068415,0.129808,-0.013085,0.306900,0.098813,0.279352,0.104105,0.050662,0.036772,-0.027067,-0.064529,0.226489,0.140878
sample_90,0.256915,0.088451,0.257979,0.142571,0.252846,0.028794,0.065069,0.024268,0.204656,0.109900,0.190641,0.121364,0.088166,0.179801,-0.008779,-0.013126,0.129307,0.245340,0.101984,0.075909
sample_91,0.218736,0.154547,0.131363,0.153357,0.304222,0.216048,0.068440,0.154224,0.152196,0.069504,0.151948,0.002280,0.210939,0.120110,0.114052,0.110636,0.016068,0.137531,0.182776,0.086533
sample_92,0.132100,0.082181,0.132743,0.046732,0.123023,0.025719,0.132241,0.122116,0.273152,0.029069,0.202546,0.129775,0.329836,0.143201,-0.002765,0.050605,0.009744,0.124561,0.295123,0.196517
sample_93,0.182884,0.135590,0.170655,0.146360,0.273011,0.172686,0.097199,0.176183,0.030534,0.094365,0.069105,0.091150,0.358228,0.088644,0.176303,0.123894,0.142036,0.191869,0.165703,0.157741
sample_94,0.173942,0.127720,0.234618,0.118682,0.223881,0.160758,0.102073,0.099153,0.126412,0.044969,0.119528,0.023180,0.352706,0.082717,0.019359,0.195943,0.094366,0.118174,0.251521,0.091634
sample_95,0.088154,0.121549,-0.032953,0.041667,0.048836,0.131721,0.200029,0.119584,0.069233,0.019590,0.216521,-0.005318,0.411841,0.112743,0.201259,0.230873,-0.004537,0.022725,0.226518,0.111765
sample_96,0.059282,-0.003591,0.235748,0.078489,0.085723,-0.000950,0.102693,0.133107,0.099652,0.039475,0.091095,0.156258,0.377815,0.056300,0.023517,0.109078,0.106178,0.191591,0.344628,0.121512
sample_97,0.053506,0.097330,0.032567,0.019703,0.089436,0.011393,0.109212,0.130120,0.262344,-0.029476,0.095769,0.103523,0.128057,0.165305,0.118209,0.106004,0.141932,0.155875,0.179927,0.036655
sample_98,0.119975,0.080607,0.201217,0.075957,0.060886,0.048677,0.171089,0.173668,0.164842,-0.020722,0.095466,0.162472,0.364036,0.031456,0.048991,0.095303,0.167506,0.280642,0.353799,0.139178
sample_99,0.183195,0.217650,0.067275,0.065614,0.058655,0.073838,0.155101,0.093543,0.173601,-0.021066,0.157931,0.095861,0.262699,0.193247,0.039374,0.056933,0.025335,0.069784,0.220287,0.141564
sample_100,0.104323,0.116912,0.211188,0.010352,0.071118,0.006813,0.174611,0.118399,0.148907,-0.021035,0.155452,0.230920,0.249704,0.133315,0.102205,0.073141,0.110839,0.178202,0.210419,0.071476
sample_101,0.079907,0.137278,0.166679,0.031917,0.067196,0.101892,0.200385,0.047520,0.052326,0.018038,0.085987,0.109485,0.368004,0.118276,0.106486,0.067302,-0.014968,0.173043,0.136137,-0.000686
sample_102,0.066772,0.115903,0.120003,0.055125,0.058128,0.089618,0.087859,0.058904,0.013127,-0.084790,0.024475,-0.014361,0.447453,0.034301,0.089185,0.121280,-0.057561,0.045627,0.133614,0.035627
sample_103,-0.037522,0.225999,0.078300,0.094714,-0.010678,0.015635,0.052106,0.148195,0.100859,-0.027938,0.005050,0.244140,0.028752,0.142249,0.317457,0.069407,0.116911,0.123026,0.220198,0.126189
sample_104,0.063670,0.143334,0.078315,0.051345,0.019565,0.096599,0.116904,0.014884,-0.000290,-0.003209,0.089048,-0.029442,0.302362,0.041064,0.041729,0.209207,-0.055351,-0.036998,0.154916,0.046458
sample_105,0.052368,0.111276,0.004169,-0.049776,0.171969,0.188323,0.005399,0.116927,0.166685,-0.023134,0.172821,0.154568,0.141699,0.424133,-0.024883,0.054585,0.074364,0.146753,0.119879,0.084050
sample_106,0.141820,0.067037,0.026138,-0.028935,0.187178,0.200283,0.022059,0.220044,0.294594,0.140806,0.230736,0.055071,0.062176,0.463072,0.073895,0.076811,0.063885,0.132103,0.171572,0.055147
sample_107,0.015740,0.113422,0.022511,0.094554,0.056674,0.206701,0.061520,0.142361,0.149491,0.031871,0.049356,0.064403,0.062186,0.303774,0.058016,0.023011,0.043230,0.176452,0.171593,0.049735
sample_108,0.136351,0.065426,0.058870,0.114599,0.127492,0.250295,0.119105,0.121550,0.256708,0.106382,0.139322,0.033837,0.060579,0.305037,0.198384,0.104698,0.023797,0.217443,0.122508,0.190647
sample_109,0.180960,0.053091,0.070551,0.043765,0.132998,0.082968,0.075674,0.128527,0.103018,0.017485,0.057759,0.077691,0.016633,0.096980,0.454521,0.087953,0.094753,0.203727,0.101968,0.216373
sample_110,0.140813,0.197940,-0.041650,0.139052,0.237865,0.166493,0.098274,0.224276,0.169190,0.028156,0.094963,0.175117,0.042125,0.227700,0.641436,0.110573,0.126601,0.281658,0.130247,0.164054
sample_111,0.218636,0.107805,0.077143,0.041368,0.120018,0.141452,0.076927,0.162997,0.016164,0.055800,0.000341,0.065095,0.108746,0.024129,0.484892,0.149922,-0.034162,0.166199,0.046477,0.129264
sample_112,0.115142,0.133643,0.047097,0.126529,0.205372,0.142150,0.114412,0.141725,0.061062,-0.025719,0.039731,0.119401,0.069266,0.161035,0.587862,0.061101,0.021603,0.199225,0.082599,0.108809
sample_113,-0.016094,0.143990,0.029862,0.131126,0.005218,0.018508,0.048112,0.207971,0.196045,0.032702,0.055814,0.180548,-0.048202,0.194626,0.275713,0.055007,0.163860,0.147059,0.249607,0.122925
sample_114,0.009738,0.137319,0.107887,0.135992,0.101377,0.034108,0.146642,0.167904,0.112423,0.021855,-0.037267,0.270761,0.012676,0.061707,0.396999,0.113487,0.106343,0.240077,0.116955,0.025498
sample_115,0.240938,0.106009,0.147804,0.067632,0.122514,0.092150,0.113092,0.202671,0.206897,0.008727,0.174179,0.115608,0.034505,0.109767,0.341105,0.034766,0.053947,0.287637,0.144545,0.162120
sample_116,0.170663,0.251999,0.065883,0.160762,0.260560,0.117874,0.051558,0.159073,0.211519,0.044930,0.141406,0.192248,0.035930,0.259820,0.097161,0.304197,0.126542,0.119118,0.184855,0.141864
sample_117,0.135776,0.149659,0.061878,0.087227,0.047700,0.110712,-0.008704,0.001911,0.148381,0.053561,0.205158,0.156656,0.024952,0.172046,0.071046,0.060375,0.029374,0.103223,0.044302,0.101634
sample_118,0.166370,0.181694,0.134687,0.070874,0.154413,0.034225,0.153188,0.199070,0.265760,0.058999,0.214996,0.142791,0.129364,0.126067,0.171990,0.162353,0.128566,0.445457,0.262813,0.053509
sample_119,0.141966,0.120474,0.131740,0.072013,-0.013357,-0.002803,0.078246,0.109905,0.113344,0.003257,0.157431,0.187557,0.243334,0.161617,0.076151,0.174661,0.086552,0.194631,0.536627,0.046234
sample_120,0.131839,0.227205,0.165262,0.068015,0.120217,0.125287,0.077910,0.210015,0.162730,-0.012241,0.116451,0.147781,0.230659,0.149389,0.130697,0.163788,0.184000,0.288458,0.373633,0.094886
sample_121,0.185287,0.036551,0.088824,0.124246,0.060988,0.046854,0.027817,0.042900,0.011292,0.009151,0.021775,0.157816,0.142408,0.143205,0.101409,0.014718,0.037835,0.085161,0.405335,0.080755
sample_122,0.219418,0.096765,0.063606,0.080230,0.013125,0.034384,0.018907,0.202326,0.097868,0.036976,0.181561,0.157074,0.177664,0.153913,0.127612,0.089655,0.010926,0.129446,0.488306,0.117863
sample_123,-0.052351,0.088153,0.189763,0.043325,-0.087244,0.008915,0.115115,0.051557,0.149983,0.065793,0.053167,0.210827,0.049104,0.117598,0.180576,0.150883,0.057971,0.228936,0.190864,0.003540
sample_124,0.266691,0.165771,0.061955,0.061858,0.127911,0.148970,0.000730,0.224079,0.220539,0.089617,0.290367,0.030853,0.201252,0.206409,0.099375,0.171372,-0.014290,0.127181,0.355326,0.103247
sample_125,0.182242,0.155864,0.106625,0.087598,0.083711,0.056419,0.095009,0.187579,0.019456,-0.043589,0.116363,0.140312,0.252500,0.113317,0.081485,0.099112,0.121074,0.134614,0.542868,0.093055
sample_126,0.059289,0.192969,0.008309,0.060076,0.097852,0.159944,0.079940,0.192580,0.053884,0.004634,0.037822,0.057418,0.104137,0.138738,0.294254,0.187244,0.080408,0.125969,0.366304,0.148666
sample_127,0.232820,0.085288,0.057237,-0.025341,0.154526,0.144841,0.056228,0.129717,0.348938,0.077002,0.260470,0.069993,0.095650,0.307116,0.043437,0.134610,0.035257,0.103829,0.096141,0.079826
sample_128,0.147021,0.128820,0.095589,0.085540,0.086605,0.101585,0.050886,0.112535,0.115025,-0.047471,0.044187,0.156482,0.188470,0.140320,0.110984,0.109079,0.124288,0.140829,0.487989,0.167320
sample_129,0.191997,0.192687,0.071974,0.157519,0.050847,0.068220,0.003100,0.156561,0.147929,-0.031195,0.093595,0.145562,0.153170,0.190981,0.093633,0.077932,0.052301,0.133977,0.499178,0.151894
sample_130,0.047795,0.223840,0.046543,0.138287,0.082492,0.097704,0.164045,0.240041,0.141970,0.010563,0.061205,0.141841,0.152214,0.185463,0.236703,0.113903,0.143761,0.164200,0.313649,0.224016
sample_131,0.141326,0.096328,0.092703,0.075611,0.032848,0.076039,0.081651,0.082072,0.132156,-0.048576,0.170918,0.212948,0.155504,0.145658,0.108850,0.072450,0.047413,0.193683,0.483578,0.124737
sample_132,0.083141,0.202813,0.015562,0.107614,0.098786,0.106338,0.056381,0.190207,0.197241,0.016185,0.138871,0.166904,0.125094,0.218501,0.257958,0.149514,0.087957,0.135519,0.331208,0.195122
sample_133,0.173595,0.062461,0.080882,0.062355,0.105123,0.146658,0.018495,0.166351,0.123469,0.051609,0.087770,0.047206,0.129378,0.114075,0.107552,0.097124,0.078656,0.065206,0.344385,0.119585
sample_134,0.188213,0.218780,0.116318,0.069546,0.117960,0.140987,0.097634,0.176437,0.063767,-0.031756,0.072030,0.125920,0.289437,0.166337,0.124457,0.154720,0.096882,0.128901,0.494945,0.118035
sample_135,0.066296,0.176431,0.134022,0.073576,0.012882,0.109151,0.057967,0.031937,0.034654,-0.002894,0.118052,0.223337,0.166368,0.172888,0.180924,0.066258,0.106897,0.240911,0.395637,0.065381
sample_136,0.177079,0.146627,0.150834,0.010394,0.146793,0.162571,0.112027,0.149430,0.117068,-0.021646,0.091916,0.105244,0.162420,0.185229,0.205371,0.244783,0.229732,0.212331,0.346326,0.128998
sample_137,0.235740,0.109911,0.157011,0.146495,0.151530,0.060790,0.153051,0.159794,0.125331,0.051397,0.161066,0.155762,0.226364,0.198562,0.200606,0.123869,0.148079,0.188024,0.372771,0.133130
sample_138,0.258319,0.187927,0.178387,0.123171,0.156305,0.043291,0.097291,0.181662,0.196560,0.054268,0.150628,0.168983,0.204476,0.252845,0.220273,0.115861,0.107124,0.201863,0.398230,0.102732
sample_139,0.132320,0.173591,0.101814,0.056198,0.087902,0.132721,0.043602,0.079540,0.115777,0.032652,0.145781,0.181370,0.172695,0.277000,0.108373,0.117273,0.081861,0.198324,0.447679,0.117533
sample_140,0.055230,0.165755,0.033095,0.053000,0.034469,0.130991,0.063876,0.129264,0.068666,-0.013549,0.075889,0.092431,0.062976,0.073724,0.256038,0.106846,0.068184,0.142967,0.292423,0.091997
sample_141,0.205364,0.170297,0.139402,0.009331,0.115770,0.154074,0.044077,0.210309,0.256165,0.003836,0.212810,0.061715,0.204314,0.251582,0.084644,0.195352,0.080972,0.193775,0.540538,0.115476
sample_142,0.290448,0.185502,0.042270,0.117561,0.228701,0.168199,0.116813,0.286532,0.154572,-0.027788,0.142085,0.100170,0.186130,0.186436,0.147961,0.215009,0.102708,0.086834,0.376467,0.260219
sample_143,0.080218,0.121148,0.195505,0.156006,0.026107,0.035711,0.134614,0.100263,0.092380,-0.031414,0.218435,0.167281,0.230586,0.116933,0.107981,0.096942,0.092960,0.251856,0.497906,0.079997
sample_144,0.136329,0.150165,0.074911,0.119491,0.015660,0.055979,0.035555,0.113457,0.109014,0.025825,0.164024,0.189341,0.148209,0.152891,0.127795,0.123979,0.126111,0.183572,0.502757,0.075187
sample_145,0.156180,0.041179,-0.045948,0.023844,0.087154,0.095503,0.026267,0.190977,0.255274,-0.018958,0.161280,-0.071508,0.097507,0.202400,0.012348,0.150494,0.050149,0.220586,0.443883,0.052237
sample_146,0.122264,0.027401,0.045570,0.036632,-0.005019,-0.057521,-0.023950,0.149886,0.103979,-0.104404,0.096048,0.062691,0.094165,0.100085,0.021945,0.103084,0.097437,0.151542,0.471235,0.078268
sample_147,0.228480,0.177147,0.173137,0.058671,0.141233,0.161424,0.116871,0.139525,0.143925,-0.081065,0.177130,0.087756,0.089737,0.249224,0.217496,0.114276,0.101606,0.167424,0.265899,0.155653
sample_148,0.198578,0.082068,0.007298,0.031007,0.188319,0.197388,-0.010399,0.156228,0.249827,0.026002,0.241207,0.059486,0.138036,0.284895,0.065506,0.110834,0.078129,0.214114,0.325769,0.057525
sample_149,0.164971,0.123503,0.171290,0.010567,0.077720,0.104986,0.139742,0.175111,0.131096,-0.038759,0.083374,0.154184,0.267037,0.141348,0.135024,0.170009,0.154511,0.202494,0.491324,0.055034
sample_150,0.078485,0.140867,0.071599,0.006237,-0.021126,-0.014093,0.105234,0.117115,0.126975,0.041291,0.116301,0.110007,0.114790,0.144178,0.077967,0.104888,0.025626,0.170696,0.526001,0.043352
sample_151,0.096634,0.111992,0.135541,0.034527,0.037719,0.085910,0.045736,0.165123,0.240564,0.033555,0.222488,0.172793,0.205981,0.207828,0.153119,0.208289,0.103894,0.265340,0.448304,0.091412
sample_152,0.106398,0.167367,0.111216,0.060711,0.031455,0.105877,-0.040815,0.185450,0.172142,-0.004493,0.120269,0.079161,0.174116,0.166069,0.038099,0.131379,0.155400,0.226339,0.499366,0.113201
sample_153,0.196826,0.204472,0.158806,0.088861,0.219344,0.115752,0.050182,0.191152,0.133784,-0.035598,0.022410,0.214617,0.145197,0.189945,0.288235,0.110883,0.069128,0.251591,0.271255,0.121129
sample_154,0.100512,0.092670,0.037000,0.005217,-0.005631,0.064660,0.038631,0.161919,0.142811,-0.049838,0.144482,0.070442,0.205363,0.178502,0.018191,0.176997,0.090464,0.159119,0.509675,0.088041
sample_155,0.084210,0.251971,0.125807,0.084631,0.075113,0.169321,-0.002622,0.209352,0.146291,-0.019919,0.062650,0.091329,0.203547,0.195200,0.181878,0.155214,0.116113,0.202300,0.462392,0.141465
sample_156,0.192454,0.129215,0.150385,0.117562,0.041576,0.070747,0.079521,0.136522,0.086324,-0.017707,0.143862,0.174561,0.273550,0.152841,0.187401,0.164028,0.115821,0.178002,0.466908,0.170643
sample_157,0.047397,0.217811,0.141995,0.062823,0.054780,0.185780,0.088041,0.162808,0.126777,0.024551,0.150564,0.146465,0.204996,0.185221,0.192157,0.177600,0.113575,0.222405,0.414809,0.126539
sample_158,0.310616,0.096755,0.068178,0.051577,0.215956,0.158514,-0.032380,0.175601,0.341279,0.066600,0.227334,0.123433,0.123596,0.341643,0.130754,0.129460,0.036512,0.178394,0.236299,0.107757
sample_159,0.085162,0.194371,0.090607,0.072689,0.050437,0.088130,0.076576,0.255532,0.086310,-0.064427,0.048281,0.148060,0.195776,0.149955,0.125511,0.120081,0.166287,0.256435,0.588026,0.170659
sample_160,0.088712,0.034402,0.062404,0.114943,-0.068962,-0.002369,0.069018,0.163193,0.132731,-0.060696,0.058948,0.101047,0.180783,0.132365,0.058932,0.106467,0.032403,0.163397,0.542308,0.046901
sample_161,0.247255,0.145794,0.005543,0.084329,0.255873,0.168894,-0.021814,0.152657,0.252927,0.077002,0.206747,0.052830,0.048344,0.344580,0.298497,0.089911,0.042955,0.140837,0.152674,0.129856
sample_162,0.066760,0.140583,0.049879,0.108224,0.111158,0.143680,0.033885,0.194985,0.105640,-0.001953,0.079667,0.048347,0.041614,0.186982,0.346750,0.077912,0.056916,0.161837,0.256619,0.107547
sample_163,0.088555,0.160309,0.136981,0.153971,0.007414,0.062191,0.141793,0.146814,0.112992,0.001051,0.044946,0.206231,0.255005,0.068567,0.095800,0.188929,0.109774,0.233507,0.539876,0.052215
sample_164,0.174714,0.103506,0.096151,0.079916,0.016329,0.065620,0.145373,0.155430,0.146735,-0.048748,0.161722,0.223590,0.149950,0.196009,0.110629,0.084329,0.031054,0.130409,0.505220,0.111553
sample_165,0.193875,0.149402,0.032072,0.094880,0.236616,0.185910,0.144045,0.246700,0.245777,0.099165,0.273503,0.099998,0.079119,0.357640,0.236882,0.090513,0.125374,0.157802,0.308969,0.254331
sample_166,0.248795,0.108425,0.131819,0.079830,0.255109,0.160631,0.012827,0.165590,0.252811,0.043827,0.238658,0.080652,0.154624,0.293154,0.248722,0.118911,0.231179,0.254974,0.294792,0.135269
sample_167,0.069952,0.189500,0.069511,0.124815,0.076983,0.179767,0.065972,0.121177,0.081296,-0.023350,-0.006127,0.097646,0.162970,0.194883,0.223043,0.170482,0.102705,0.256222,0.383531,0.109377
sample_168,0.229528,0.123003,0.075443,0.003527,0.137591,0.184348,0.002935,0.213574,0.224011,0.057857,0.304441,0.073293,0.181891,0.216297,0.143660,0.147578,0.112698,0.188783,0.391530,0.124697
sample_169,0.121424,0.239548,0.115884,0.044904,0.021966,0.154778,0.053393,0.177582,0.077405,-0.052837,0.021050,0.121966,0.144861,0.136511,0.151150,0.106063,0.139562,0.263118,0.504197,0.143544
sample_170,0.127736,0.047581,0.037415,0.144108,-0.023457,-0.067851,0.059906,0.055652,0.053885,-0.022629,0.117470,0.051904,0.050530,0.000016,0.324801,0.029697,0.041812,0.090504,0.151904,0.402862
sample_171,0.106316,0.163305,-0.074866,0.164240,0.116722,0.035254,0.048747,0.142907,0.106207,-0.010833,0.103817,0.012808,0.048001,-0.032755,0.289408,0.087116,0.087944,0.007106,0.125760,0.480518
sample_172,0.141101,0.151203,-0.020866,0.237379,0.065583,0.040799,0.071540,0.171654,0.104056,-0.017559,0.109881,0.094795,0.021656,0.141281,0.332858,0.083246,0.118084,0.125301,0.276793,0.528242
